[
  {
    "id": 1,
    "slug": "AI-MachineLearning-The-Future-of-Technology-and-Your-Career",
    "title": "AI & Machine Learning: The Future of Technology and Your Career",
    "image": "/img/blog/blog_1.png",
    "detailsImg": "/img/blog/blog_1_details.png",
    "category": "Development",
    "commentCount": "20+",
    "publishedDate": "1 January 2025",
    "author": "Shubham Singh",
    "btnText": "Read More",
    "tags":"ai&ml, AI, ML, Machine Learning,Artificial Intelligence",
    "blogQuote":"As AI and Machine Learning redefine the world, the next generation of professionals must be ready to lead with knowledge and creativity.",
    "details": "<section><p>Artificial Intelligence (AI) and Machine Learning (ML) are revolutionizing industries, shaping the future of technology, and transforming how we live and work. From automating routine tasks to driving innovation in fields like healthcare, finance, and education, AI and ML have become essential tools for businesses worldwide. These technologies enable smarter decision-making by providing data-driven insights and have opened doors to cutting-edge advancements like autonomous vehicles, predictive analytics, and personalized learning systems.\n</p>\n<p>\n    For professionals and aspiring tech enthusiasts, AI and ML present an incredible opportunity to build a rewarding career. Roles such as Data Scientist, Machine Learning Engineer, and AI Specialist are in high demand, offering excellent growth potential and lucrative salaries.\n</p>\n<p>\n    Equipping yourself with AI and ML skills can unlock exciting prospects in this fast-evolving field. By mastering core concepts like neural networks, data science integration, and Python programming, you can position yourself as a leader in this transformative era.\n</p>\n<p>\n    The future is AI-driven, and those who invest in learning these technologies today will shape the innovations of tomorrow. Don’t miss the chance to be part of this technological revolution and create a thriving career in AI and ML.\n</p>\n</section><section>\n  <h4 class=\"postbox__details-title\">Why AI & Machine Learning Matter</h4>\n        <p>AI and ML are transforming industries by:</p>\n        <ul>\n            <li><strong>Automating Tasks:</strong> Streamlining workflows and reducing manual effort.</li>\n            <li><strong>Enhancing Decision Making:</strong> Providing data-driven insights to improve strategies.</li>\n            <li><strong>Driving Innovation:</strong> Powering advancements in healthcare, finance, education, and more.</li>\n            <li><strong>Creating New Career Opportunities:</strong> Generating high-demand roles like Data Scientist, Machine Learning Engineer, and AI Specialist.</li>\n        </ul>\n        <p>Whether you’re an aspiring tech enthusiast or a seasoned professional, gaining expertise in AI and ML can unlock doors to exciting career prospects.</p>\n        <div class=\"postbox__content-img mb-40 d-flex justify-content-between\"><img src=\"/img/blog/blog_1_inside_details_1.png\" height=\"275px\" /></div>\n    </section>\n\n    <section>\n        <h2 class=\"postbox__details-title\">Courses We Offer</h2>\n        <p>At <strong>TFP Coding Institute</strong>, we provide comprehensive courses designed to equip you with the skills needed to excel in AI and ML. Our curriculum covers:</p>\n        <ul>\n            <li><strong>Fundamentals of AI:</strong> Learn the basics of artificial intelligence.</li>\n            <li><strong>Introduction to Machine Learning:</strong> Understand algorithms and applications.</li>\n            <li><strong>Python for AI & ML:</strong> Master the most widely used programming language in AI.</li>\n            <li><strong>Data Science Integration:</strong> Gain hands-on experience with real-world datasets.</li>\n            <li><strong>Deep Learning:</strong> Dive into neural networks and advanced AI models.</li>\n        </ul>\n    </section>\n\n    <section>\n        <h2 class=\"postbox__details-title\">Online and Offline Learning Options</h2>\n        <p>To make learning accessible to everyone, we offer both <strong>online</strong> and <strong>offline</strong> classes:</p>\n        <ul>\n            <li><strong>Online Classes:</strong> Learn from the comfort of your home with live interactive sessions and recorded materials.</li>\n            <li><strong>Offline Classes:</strong> Join us at our campus in <strong>Satna</strong>, Madhya Pradesh, for in-person guidance and a collaborative learning experience.</li>\n        </ul>\n        <div class=\"postbox__content-img mb-40 d-flex justify-content-between\"><img src=\"/img/blog/blog_1_inside_details_2.png\"  height=\"275px\" /></div>\n    </section>\n\n    <section>\n        <h2 class=\"postbox__details-title\">Why Choose Us?</h2>\n        <ul>\n            <li><strong>Industry-Relevant Curriculum:</strong> Our courses are designed to meet the latest industry standards.</li>\n            <li><strong>Expert Trainers:</strong> Learn from professionals with real-world experience in AI and ML.</li>\n            <li><strong>Hands-On Projects:</strong> Work on live projects to build a portfolio that stands out.</li>\n            <li><strong>Certification:</strong> Receive recognized certificates to boost your resume.</li>\n            <li><strong>Placement Assistance:</strong> Get help landing your dream job in the IT industry.</li>\n        </ul>\n    </section>\n\n    <section>\n        <h2 class=\"postbox__details-title\">Get Started Today</h2>\n        <p>Don’t miss the opportunity to shape your future in one of the most exciting and lucrative fields. Join our AI & Machine Learning courses today and take the first step toward an exceptional career.</p>\n       <br><br>\n    </section>\n\n    <section>\n        <h2 class=\"postbox__details-title\">FAQs</h2>\n        <p><strong>Q: Do I need prior programming experience to join the course?</strong></p>\n        <p>A: No, our courses are beginner-friendly and include foundational programming lessons.</p>\n        \n        <p><strong>Q: What tools and platforms will I learn?</strong></p>\n        <p>A: You’ll learn Python, TensorFlow, scikit-learn, and other industry-standard tools.</p>\n        \n        <p><strong>Q: Are there any prerequisites for the offline classes?</strong></p>\n        <p>A: No prerequisites are required. Just bring your passion for learning!</p>\n    </section>\n\n    <p>Transform your career with AI and ML at <strong>TFP Coding Institute</strong>. Whether online or offline, we’re here to guide you every step of the way!</p>"
}
,
  {
    "id": 2,
    "slug": "Why-Full-Stack-Development-is-the-Ultimate-Career-Choice",
    "title": "Why Full-Stack Development is the Ultimate Career Choice",
    "image": "/img/blog/blog-1-2.jpg",
    "detailsImg": "/img/blog/blog-details-1.jpg",
    "category": "Development",
    "commentCount": "06",
    "publishedDate": "2 January 2025",
    "author": "Prins Singh",
    "btnText": "Read More",
    "blogQuote":"Mastering full-stack development means becoming the architect of innovation, building ideas from front-end to back-end.",
    "details": "<div >\n<p>In today’s technology-driven world, a career in full-stack development is a game-changer. With businesses rapidly digitizing, the demand for professionals who can handle both front-end and back-end development is on the rise. If you’re in Satna and looking for an exciting and rewarding IT career, full-stack development could be the perfect choice.</p>\n</div>\n\n<h4 class=\"postbox__details-title\">1. High Demand and Versatility</h4>\n<div>\n<p>Full-stack developers are in high demand because of their ability to work on both the client-side (front-end) and server-side (back-end) of applications. Companies, especially startups, prefer hiring full-stack developers who can manage diverse tasks, saving both time and resources.</p>\n<p>In a growing city like Satna, opportunities for skilled full-stack developers are increasing as more local businesses adopt digital solutions. Whether you aim to work with local startups or remotely with global companies, your skills will always be in demand.</p>\n</div>\n<div class=\"postbox__content-img mb-40 d-flex justify-content-between\">\n<img src=\"/img/blog/blog_1_indise_details.png\" height=\"275px\" />\n</div>\n\n<h4 class=\"postbox__details-title\">2. Competitive Salary Packages</h4>\n<div>\n<p>Full-stack developers enjoy competitive salaries due to their diverse skill sets. Employers value their ability to handle multiple roles, making them one of the highest-paid professionals in the IT sector. Even in Satna, local startups and companies offer attractive packages to talented developers.</p>\n</div>\n\n<h4 class=\"postbox__details-title\">3. Learn a Comprehensive Skill Set</h4>\n<div>\n<p>As a full-stack developer, you gain expertise in a wide range of technologies, including:</p>\n<ul>\n<li>Front-End Development: HTML, CSS, JavaScript, React, Angular</li>\n<li>Back-End Development: Node.js, Python, PHP, Java</li>\n<li>Databases: MySQL, MongoDB, PostgreSQL</li>\n<li>Version Control: Git, GitHub</li>\n</ul>\n<p>At TFP Coding Institute, located in Bharut Nagar, Satna, our full-stack development course equips you with hands-on experience in these technologies.</p>\n</div>\n\n<h4 class=\"postbox__details-title\">4. Local and Global Career Opportunities</h4>\n<div>\n<p>Every industry needs full-stack developers, from e-commerce and healthcare to education and entertainment. In Satna, you can contribute to the growth of local businesses or work remotely for companies across the globe. Your skills open doors to endless possibilities.</p>\n</div>\n\n<h4 class=\"postbox__details-title\">5. Freelancing and Entrepreneurship</h4>\n<div >\n<p>If you dream of working independently or starting your own business, full-stack development gives you the tools to succeed. With the ability to create complete applications, you can take up freelance projects for local clients in Satna or launch your own tech startup.</p>\n</div>\n\n<h4 class=\"postbox__details-title\">6. Future-Proof Career</h4>\n<div >\n<p>Technology continues to evolve, but full-stack development remains a reliable and future-proof career choice. By staying updated with the latest frameworks and tools, you can adapt to changing trends and secure long-term success in the IT industry.</p>\n</div>\n\n<h4 class=\"postbox__details-title\">7. Training, Placement, and Internship Opportunities in Satna</h4>\n<div >\n<p>At TFP Coding Institute, we offer:</p>\n<ul>\n<li>Comprehensive training in full-stack development</li>\n<li>Hands-on projects to build your portfolio</li>\n<li>Internship opportunities with real-world experience</li>\n<li>Placement assistance to help you land your dream job</li>\n<li>Industry-recognized certificates that enhance your resume</li>\n</ul>\n<p>As Satna’s leading coding institute, we are committed to providing the best learning environment for aspiring developers.</p>\n</div>\n<div class=\"postbox__content-img mb-40 d-flex justify-content-between\">\n<img src=\"/img/blog/blog_2_indise_details.png\" height=\"275px\" />\n</div>\n\n<h4 class=\"postbox__details-title\">Conclusion</h4>\n<div >\n<p>Full-stack development is more than just a career; it’s your gateway to innovation, creativity, and professional growth. Whether you’re passionate about designing interactive user interfaces or building robust server-side applications, this field offers endless opportunities.</p>\n<p>Start your full-stack development journey with TFP Coding Institute in Bharut Nagar, Satna, and prepare for a successful IT career!</p>\n</div>",
    "tags":"Full Stack Development, Web Development, IT Career in Satna, Programming Classes in Satna, TFP Coding Institute, Full-Stack Training Satna, Learn Web Development in Satna, IT Courses in Satna, Placement Assistance Satna, Coding Internship in Satna, Satna IT Training"

  },
  {
    "id": 3,
    "slug": "Top-Programming-Languages-to-Learn-for-a-Thriving-IT-Career-in-2025",
    "title": "Top Programming Languages to Learn for a Thriving IT Career in 2025",
    "image": "/img/blog/blog-1-3.jpg",
    "detailsImg": "/img/blog/blog-details-1.jpg",
    "category": "Programming Lanuages",
    "commentCount": "06",
    "publishedDate": "14 August 2023",
    "author": "Shubham Singh",
    "btnText": "Read More",
    "blogQuote":"The tech world evolves rapidly; mastering the top programming languages keeps your career ahead of the curve.",
    "details": "<section class=\"blog-post\">\n<h4 class=\"postbox__details-title\">Top Programming Languages to Learn in 2025</h4>\n<p>In today's rapidly evolving tech world, staying ahead in your career requires mastering the right programming languages. With industries shifting towards automation, artificial intelligence, and web-driven solutions, IT professionals must equip themselves with skills that ensure their relevance in 2025 and beyond.</p>\n<p>At TFP Coding Institute, located in Bharut Nagar, Satna, we specialize in equipping students with modern programming skills that are crucial for grabbing top IT jobs. Whether you aim to be a full-stack developer, AI specialist, or mobile app developer, mastering the right programming languages can set you on the path to success. Here are the top programming languages to learn in 2025:</p>\n<div class=\"postbox__content-img mb-40 d-flex justify-content-between\">\n<img src=\"/img/blog/blog_1_indise_details.png\" height=\"275px\" />\n</div>\n<h4 class=\"postbox__details-title\">1. Python</h4>\n<p>Python remains the favorite language among developers due to its simplicity and versatility. It is widely used in:</p>\n<ul>\n<li>Artificial Intelligence (AI)</li>\n<li>Machine Learning (ML)</li>\n<li>Data Science</li>\n<li>Web Development</li>\n</ul>\n<p>Its rich libraries and frameworks, like TensorFlow and Django, make it an indispensable skill for IT aspirants.</p>\n<h4 class=\"postbox__details-title\">2. JavaScript</h4>\n<p>JavaScript is essential for building dynamic and interactive web applications. As the backbone of front-end development, it also extends its capabilities to back-end with Node.js. Learning JavaScript unlocks opportunities in:</p>\n<ul>\n<li>Full-Stack Development</li>\n<li>Web Applications</li>\n<li>Game Development</li>\n</ul>\n<h4 class=\"postbox__details-title\">3. Java</h4>\n<p>Java’s robustness and platform independence make it a top choice for developing enterprise-level applications. It is heavily used in:</p>\n<ul>\n<li>Mobile App Development (Android)</li>\n<li>Web Applications</li>\n<li>Enterprise Software</li>\n</ul>\n<h4 class=\"postbox__details-title\">4. C#</h4>\n<p>For those interested in game development or Windows application development, C# is the language to learn. It is the driving force behind game engines like Unity and has applications in:</p>\n<ul>\n<li>Game Development</li>\n<li>AR/VR Applications</li>\n</ul>\n<h4 class=\"postbox__details-title\">5. SQL</h4>\n<p>Databases are at the core of every IT system. SQL is critical for managing and analyzing large datasets, making it an essential skill for:</p>\n<ul>\n<li>Database Administrators</li>\n<li>Data Analysts</li>\n<li>Backend Developers</li>\n</ul>\n<h4 class=\"postbox__details-title\">6. Kotlin</h4>\n<p>With the growing demand for mobile apps, Kotlin has become Google’s preferred language for Android development. It is a must-learn for aspiring mobile app developers.</p>\n<h4 class=\"postbox__details-title\">7. R</h4>\n<p>Specialized for data analysis and statistical computing, R is widely used in:</p>\n<ul>\n<li>Data Science</li>\n<li>Statistical Modeling</li>\n<li>Data Visualization</li>\n</ul>\n<h4 class=\"postbox__details-title\">8. Go (Golang)</h4>\n<p>As companies scale their systems, Go is becoming a popular choice for developing high-performance, scalable applications, especially in cloud computing and DevOps.</p>\n<h4 class=\"postbox__details-title\">9. Swift</h4>\n<p>For those aspiring to develop iOS applications, Swift is an excellent language. With Apple’s ecosystem continuing to grow, Swift developers are in high demand.</p>\n<h4 class=\"postbox__details-title\">10. PHP</h4>\n<p>Despite being an older language, PHP remains relevant for backend web development, powering platforms like WordPress and many e-commerce sites.</p>\n<h4 class=\"postbox__details-title\">Why Choose TFP Coding Institute in Satna?</h4>\n<p>At TFP Coding Institute, we offer:</p>\n<ul>\n<li>Comprehensive Training: Hands-on courses in web development, AI, ML, mobile app development, and more.</li>\n<li>Placement Assistance: We help you secure your dream job in top IT companies.</li>\n<li>Internship Opportunities: Gain real-world experience to strengthen your resume.</li>\n<li>Certificates: Get certified to stand out in the competitive job market.</li>\n</ul>\n<p>Our courses are designed to meet the needs of industries and are taught by experts with years of experience. Whether you are a beginner or looking to advance your skills, we have something for everyone.</p>\n<h4 class=\"postbox__details-title\">Ready to Begin Your IT Career?</h4>\n<p>Don’t wait! The tech industry is evolving faster than ever, and now is the time to invest in your future. Visit TFP Coding Institute in Bharut Nagar, Satna, or call us at 9074644022 to enroll in our job-oriented courses.</p>\n</section>",
    "tags":"full stack, web development, mobile app development, programming, data science, AI, machine learning, Satna IT training, coding classes, TFP Coding Institute"
  },
  {
    "id": 4,
    "slug": "Why-Web-Development-is-the-Gateway-to-Endless-Opportunities",
    "title": "Why Web Development is the Gateway to Endless Opportunities",
    "image": "/img/blog/blog-1-4.jpg",
    "detailsImg": "/img/blog/blog-details-1.jpg",
    "category": "Development",
    "commentCount": "06",
    "publishedDate": "14 March 2023",
    "author": "Prins Singh",
    "btnText": "Read More",
    "blogQuote":"Web development is not just about coding websites; it's about building the future of digital experiences.",
    "details": "<section><h4 class='postbox__details-title'>The Rise of Web Development</h4><p>In today’s digital era, every business, startup, and service is shifting online. The demand for skilled web developers is at an all-time high, making web development one of the most lucrative and future-proof career choices.</p><p>If you're in Satna and looking for a rewarding IT career, learning web development can open doors to unlimited opportunities in freelancing, job placements, and entrepreneurship.</p><div class='postbox__content-img mb-40 d-flex justify-content-between'><img src='/img/blog/blog_1_indise_details.png' height='275px' /></div></section><section><h4 class='postbox__details-title'>Why Web Development is a Game-Changer</h4><ul> <li><strong>High Demand and Career Growth:</strong> Every company needs a website, creating a vast job market for web developers.</li><li><strong>Great Earning Potential:</strong> Web developers earn impressive salaries with opportunities in specialized fields.</li><li><strong>Freelancing and Entrepreneurship:</strong> Work as a freelancer, start your own business, or create web-based products.</li><li><strong>Full Stack Development Opportunities:</strong> Learning front-end and back-end technologies opens doors to Full Stack Development.</li><li><strong>Remote Work and Global Market:</strong> Work for companies worldwide and enjoy location independence.</li><li><strong>Fast Learning Curve:</strong> Learn web development in months with structured training and mentorship.</li></ul><div class='postbox__content-img mb-40 d-flex justify-content-between'><img src='/img/blog/blog_2_indise_details.png' height='275px' /></div></section><section> <h4 class='postbox__details-title'>Learn Web Development at TFP Coding Institute</h4><p>At TFP Coding Institute, Satna, we offer comprehensive courses designed to help students land high-paying IT jobs. Our courses include:</p><ul>    <li><strong>Frontend Development:</strong> HTML, CSS, JavaScript, React</li>   <li><strong>Backend Development:</strong> Node.js, Express.js, MongoDB, MySQL</li> <li><strong>Full Stack Development:</strong> MERN Stack, Django</li> <li><strong>Mobile App Development:</strong> Android, React Native, Flutter</li> </ul> <div class='postbox__content-img mb-40 d-flex justify-content-between'> <img src='/img/blog/blog_3_indise_details.png' height='275px' /> </div> </section><section> <h4 class='postbox__details-title'>Internship & Placement Assistance</h4> <p>Our institute provides:</p> <ul> <li>Internship opportunities with hands-on projects.</li>   <li>Certification upon course completion.</li> <li>Placement assistance for students to secure IT jobs.</li></ul> <div class='postbox__content-img mb-40 d-flex justify-content-between'><img src='/img/blog/blog_4_indise_details.png' height='275px' /></div></section><section><h4 class='postbox__details-title'>Join the Digital Revolution!</h4><p>Web development is not just a skill; it’s a gateway to a promising career. Whether you aim to work for top IT companies, start your own tech business, or become a freelancer, web development is your key to success.</p><p>Enroll in our web development courses today and take the first step towards a bright future!</p><div class='postbox__content-img mb-40 d-flex justify-content-between'>   <img src='/img/blog/blog_5_indise_details.png' height='275px' /> </div></section>",
    "tags":"FullStack, WebDevelopment, Satna, ITJobs, Freelancing, Programming, HTML, CSS, JavaScript, React, NodeJS, Internship, Placement, CareerGrowth"
  },
  {
    "id": 5,
    "slug": "The-Importance-of-Internships-in-Building-a-Successful-IT-Career",
    "title": "The Importance of Internships in Building a Successful IT Career",
    "image": "/img/blog/blog-1-5.jpg",
    "detailsImg": "/img/blog/blog-details-1.jpg",
    "category": "Internships",
    "commentCount": "06",
    "publishedDate": "14 February 2023",
    "author": "Shubham Singh",
    "btnText": "Read More",
    "blogQuote":"Experience is the best teacher, and internships provide the perfect learning ground.",
    "details": "<section><h4 class='postbox__details-title'>The Importance of IT Internships</h4><p>In today's competitive IT job market, having theoretical knowledge alone is not enough to secure a high-paying job. Companies are looking for professionals who have hands-on experience, problem-solving skills, and practical exposure to real-world projects. This is where internships play a crucial role in shaping a successful IT career.</p><div class='postbox__content-img mb-40 d-flex justify-content-between'><img src='/img/blog/blog_1_indise_details.png' height='275px' /></div></section><section><h4 class='postbox__details-title'>Why Are Internships Important in IT?</h4><ul><li><strong>Gain Real-World Experience:</strong> Work on real projects to apply theoretical knowledge.</li><li><strong>Skill Enhancement:</strong> Learn industry-relevant technologies like Full Stack Development, AI, and more.</li><li><strong>Networking Opportunities:</strong> Connect with industry experts and mentors for career guidance.</li><li><strong>Build a Strong Resume:</strong> Stand out with practical experience that recruiters value.</li><li><strong>Placement Opportunities:</strong> Many companies hire interns as full-time employees.</li><li><strong>Industry Exposure:</strong> Learn teamwork, project management, and real-world IT workflows.</li></ul><div class='postbox__content-img mb-40 d-flex justify-content-between'><img src='/img/blog/blog_2_indise_details.png' height='275px' /></div></section><section><h4 class='postbox__details-title'>Internship Opportunities at TFP Coding Institute (Satna)</h4><p>At TFP Coding Institute, Satna, we offer top-notch internship programs in various IT domains, including:</p><ul><li>Full Stack Web Development</li><li>Mobile App Development (Android & iOS)</li><li>Artificial Intelligence & Machine Learning</li><li>Data Science & Analytics</li><li>Cybersecurity & Ethical Hacking</li><li>Cloud Computing & DevOps</li></ul><div class='postbox__content-img mb-40 d-flex justify-content-between'><img src='/img/blog/blog_3_indise_details.png' height='275px' /></div></section><section><h4 class='postbox__details-title'>Benefits of Our Internship Program</h4><ul><li><strong>Hands-on Training:</strong> Work on live projects.</li><li><strong>Certification:</strong> Get a recognized internship certificate.</li><li><strong>Placement Assistance:</strong> We help students connect with top IT companies.</li><li><strong>Skill Development:</strong> Learn industry-relevant technologies.</li></ul><div class='postbox__content-img mb-40 d-flex justify-content-between'><img src='/img/blog/blog_4_indise_details.png' height='275px' /></div></section><section><h4 class='postbox__details-title'>Final Thoughts</h4><p>An internship is not just an additional experience; it is a necessity for a successful IT career. It bridges the gap between learning and working, giving students the confidence and skills needed to excel in the IT industry.</p><p>If you are looking for the best IT internship opportunities in Satna, join TFP Coding Institute today and take your career to new heights!</p><div class='postbox__content-img mb-40 d-flex justify-content-between'><img src='/img/blog/blog_5_indise_details.png' height='275px' /></div></section>",
    "tags":"Internship, ITCareer, FullStack, WebDevelopment, AI, MachineLearning, MobileAppDevelopment, DataScience, Satna, TFPCodingInstitute, JobPlacement, ITInternship, SoftwareDevelopment, TechCareer, CareerGrowth, CodingBootcamp, InternshipOpportunities, ITTraining, JobReady, InternshipSuccess"
  },
  {
    "id": 6,
    "slug": "How-Our-Coding-Classes-Help-You-Land-Your-Dream-Job",
    "title": "How Our Coding Classes Help You Land Your Dream Job",
    "image": "/img/blog/blog-1-6.jpg",
    "detailsImg": "/img/blog/blog-details-1.jpg",
    "category": "Development",
    "commentCount": "06",
    "publishedDate": "10 January 2023",
    "author": "Prins Singh",
    "btnText": "Read More",
    "blogQuote":"Every great developer was once a beginner. Join our coding classes and take the first step toward your dream job!",
   "details": "<section><h4 class='postbox__details-title'>Master Coding at TFP Coding Institute</h4><p>In today’s fast-paced digital world, mastering coding and software development is essential for securing a high-paying IT job. At TFP Coding Institute, Satna, we provide comprehensive training in programming languages, web development, mobile app development, artificial intelligence, and more to help students achieve their career goals.</p><div class='postbox__content-img mb-40 d-flex justify-content-between'><img src='/img/blog/blog_1_indise_details.png' height='275px' /></div></section><section><h4 class='postbox__details-title'>Why Choose Our Coding Classes?</h4><ul><li><strong>Industry-Relevant Curriculum:</strong> Learn the latest technologies such as Full Stack Development, Python, Java, AI & Machine Learning, and Mobile App Development.</li><li><strong>Hands-on Learning & Live Projects:</strong> Work on real-world projects and build a strong portfolio.</li><li><strong>Expert-Led Training:</strong> Learn from industry professionals with years of experience.</li><li><strong>Internships & Job Placement Assistance:</strong> Get internship opportunities, resume building, and job referrals.</li><li><strong>Certification & Recognition:</strong> Earn certifications to validate your skills and boost your job prospects.</li></ul><div class='postbox__content-img mb-40 d-flex justify-content-between'><img src='/img/blog/blog_2_indise_details.png' height='275px' /></div></section><section><h4 class='postbox__details-title'>Career Opportunities After Our Coding Classes</h4><p>By joining TFP Coding Institute, Satna, you open doors to various career paths such as:</p><ul><li>Full Stack Developer</li><li>Web Developer</li><li>Mobile App Developer (Android & iOS)</li><li>AI & Machine Learning Engineer</li><li>Data Scientist</li><li>Software Engineer</li></ul><div class='postbox__content-img mb-40 d-flex justify-content-between'><img src='/img/blog/blog_3_indise_details.png' height='275px' /></div></section><section><h4 class='postbox__details-title'>Join TFP Coding Institute and Kickstart Your IT Career!</h4><p>If you’re looking to build a successful IT career, TFP Coding Institute in Satna is the perfect place to start. Our hands-on training, expert mentorship, and placement support will help you land your dream job in the tech industry. Enroll today and take the first step toward your future!</p><div class='postbox__content-img mb-40 d-flex justify-content-between'><img src='/img/blog/blog_4_indise_details.png' height='275px' /></div></section>",
    "tags":"CodingClasses, FullStack, WebDevelopment, Python, Java, MobileAppDevelopment, AI, MachineLearning, DataScience, Satna, TFPCodingInstitute, JobPlacement, ITCareer, Internship, CareerGrowth, SoftwareDevelopment, LearnToCode, Programming, TechJobs"
  },
  {
    "id": 7,
    "slug": "blog-seven",
    "title": "Velit esse cillum dolore eu fugiat nulla Excepteur pariatur.",
    "image": "/img/blog/blog-1-7.jpg",
    "detailsImg": "/img/blog/blog-details-1.jpg",
    "category": "Development",
    "commentCount": "06",
    "publishedDate": "14 June 2023",
    "author": "Jonathon Lopez",
    "btnText": "Read More",
    "blogQuote":"",
    "details":"",
    "tags":""
  },
  {
    "id": 8,
    "slug": "blog-eight",
    "title": "Lorem ipsum dolor sit amet, consectetur Adipiscing elit, sed do.",
    "image": "/img/blog/blog-1-8.jpg",
    "detailsImg": "/img/blog/blog-details-1.jpg",
    "category": "Development",
    "commentCount": "06",
    "publishedDate": "14 June 2023",
    "author": "Jonathon Lopez",
    "btnText": "Read More",
    "blogQuote":"",
    "details":"",
    "tags":""
  },
  {
    "id": 9,
    "slug": "blog-nine",
    "title": "Velit esse cillum dolore eu fugiat nulla Excepteur pariatur.",
    "image": "/img/blog/blog-1-7.jpg",
    "detailsImg": "/img/blog/blog-details-1.jpg",
    "category": "Development",
    "commentCount": "06",
    "publishedDate": "14 June 2023",
    "author": "Jonathon Lopez",
    "btnText": "Read More",
    "blogQuote":"",
    "details":"",
    "tags":""
  },
  {
    "id": 10,
    "slug": "blog-ten",
    "title": "Lorem ipsum dolor sit amet, consectetur Adipiscing elit, sed do.",
    "image": "/img/blog/blog-1-8.jpg",
    "detailsImg": "/img/blog/blog-details-1.jpg",
    "category": "Development",
    "commentCount": "06",
    "publishedDate": "14 June 2023",
    "author": "Jonathon Lopez",
    "btnText": "Read More",
    "blogQuote":"",
    "details":"",
    "tags":""
  },
  {
    "id": 11,
    "slug": "blog-eleven",
    "title": "Velit esse cillum dolore eu fugiat nulla Excepteur pariatur.",
    "image": "/img/blog/blog-1-7.jpg",
    "detailsImg": "/img/blog/blog-details-1.jpg",
    "category": "Development",
    "commentCount": "06",
    "publishedDate": "14 June 2023",
    "author": "Jonathon Lopez",
    "btnText": "Read More",
    "blogQuote":"",
    "details":"",
    "tags":""
  },
  {
    "id": 12,
    "slug": "blog-twelve",
    "title": "Lorem ipsum dolor sit amet, consectetur Adipiscing elit, sed do.",
    "image": "/img/blog/blog-1-8.jpg",
    "detailsImg": "/img/blog/blog-details-1.jpg",
    "category": "Development",
    "commentCount": "06",
    "publishedDate": "14 June 2023",
    "author": "Jonathon Lopez",
    "btnText": "Read More",
    "blogQuote":"",
    "details":"",
    "tags":""
  },
  {
    "id": 13,
    "slug": "blog-thirteen",
    "title": "Curabitur at fermentum purus. Interdum et malesuada fames ipsum",
    "image": "/img/blog/blog-sidebar-1.jpg",
    "detailsImg": "/img/blog/blog-details-1.jpg",
    "category": "Development",
    "commentCount": "06",
    "publishedDate": "14 August 2023",
    "author": "Jonathon Lopez",
    "btnText": "Read More",
    "blogQuote":"",
    "details":"",
    "tags":""
  },
  {
    "id": 14,
    "slug": "blog-fourteen",
    "title": "Pellentesque dignissim enim sit amet venenatis cursus eget nunc.",
    "image": "/img/blog/blog-sidebar-2.jpg",
    "detailsImg": "/img/blog/blog-details-1.jpg",
    "category": "Development",
    "commentCount": "06",
    "publishedDate": "14 March 2023",
    "author": "Jonathon Lopez",
    "btnText": "Read More",
    "blogQuote":"",
    "details":"",
    "tags":""
  },
  {
    "id": 15,
    "slug": "blog-fifteen",
    "title": "Curabitur at fermentum purus. Interdum et malesuada fames ipsum",
    "image": "/img/blog/blog-sidebar-3.jpg",
    "detailsImg": "/img/blog/blog-details-1.jpg",
    "category": "Development",
    "commentCount": "06",
    "publishedDate": "14 February 2023",
    "author": "Jonathon Lopez",
    "btnText": "Read More",
    "blogQuote":"",
    "details":"",
    "tags":""
  }
]