[
  {
    "id": 1,
    "slug": "ai-machine-learning-masterclass",
    "title": "AI & Machine Learning Masterclass",
    "image": "/img/course/course_1.png",
    "detailsImg": "/img/course/course_1_details.png",
    "category": "AI & ML",
    "ratingCount": "4.8",
    "lessonCount": "200+",
    "studentCount":"30",
    "duration": "50h 45m",
    "classTime": "07:00am - 09:00pm",
    "totalLecture": "250+",
    "skillLevel": "Advanced",
    "classDay": "Monday - Friday",
    "language": "English/Hindi",
    "author": "Prins Singh",
    "price": "20k",
    "prevPrice": "25k",
    "btnText": "Add to Cart"
  },
  {
    "id": 2,
    "slug": "android-and-iOS-development-bootcamp",
    "title": "Android & iOS Development Bootcamp",
    "image": "/img/course/course_2.png",
    "detailsImg": "/img/course/course_2_details.png",
    "category": "Development",
    "ratingCount": "4.6",
    "lessonCount": "180+",
    "studentCount":"25",
    "duration": "60h 30m",
    "classTime": "07:00am - 09:00pm",
    "totalLecture": "180+",
    "skillLevel": "Beginner",
    "classDay": "Monday - Friday",
    "language": "English/Hindi",
    "author": "Prins Singh",
    "price": "25k",
    "prevPrice": "40k",
    "btnText": "Add to Cart"
  },
  {
    "id": 3,
    "slug": "full-stack-web-development-from-html-to-react",
    "title": "Full-Stack Web Development: From HTML to React",
    "image": "/img/course/course_3.png",
    "detailsImg": "/img/course/course_3_details.png",
    "category": "Development",
    "ratingCount": "4.8",
    "lessonCount": "150+",
    "studentCount":"50",
    "duration": "50h 30m",
    "classTime": "07:00am - 09:00pm",
    "totalLecture": "150+",
    "skillLevel": "Beginner",
    "classDay": "Monday - Friday",
    "language": "English/Hindi",
    "author": "Prins Singh",
    "price": "12k",
    "prevPrice": "25k",
    "btnText": "Add to Cart"
  },
  {
    "id": 4,
    "slug": "c-and-cpp",
    "title": "C&C++ Programming Language",
    "image": "/img/course/C&Cpp.png",
    "detailsImg": "/img/event/details-1.jpg",
    "category": "Programming",
    "ratingCount": "4.4",
    "lessonCount": "60+",
    "studentCount":"32",
    "duration": "19h 30m",
    "classTime": "07:00am - 09:00pm",
    "totalLecture": "80+",
    "skillLevel": "Beginner",
    "classDay": "Monday - Friday",
    "language": "English/Hindi",
    "author": "Prins Singh",
    "price": "4.5k",
    "prevPrice": "7.5k",
    "btnText": "Add to Cart"
  },
  {
    "id": 5,
    "slug": "java-JSE-programming-language",
    "title": "Java (JSE) Programming",
    "image": "/img/course/Java(JSE).png",
    "detailsImg": "/img/event/details-1.jpg",
    "category": "Programming",
    "ratingCount": "4.7",
    "lessonCount": "80+",
    "studentCount":"30",
    "duration": "24h 30m",
    "classTime": "07:00am - 09:00pm",
    "totalLecture": "80+",
    "skillLevel": "Beginner",
    "classDay": "Monday - Friday",
    "language": "English/Hindi",
    "author": "Shubham Singh",
    "price": "4.5k",
    "prevPrice": "8.5k",
    "btnText": "Add to Cart"
  },
  {
    "id": 6,
    "slug": "python-programming-language",
    "title": "Python Programming Language",
    "image": "/img/course/Python.png",
    "detailsImg": "/img/event/details-1.jpg",
    "category": "Programming",
    "ratingCount": "4.6",
    "lessonCount": "80+",
    "studentCount":"50",
    "duration": "23h 30m",
    "classTime": "07:00am - 09:00pm",
    "totalLecture": "90+",
    "skillLevel": "Beginner",
    "classDay": "Monday - Friday",
    "language": "English/Hindi",
    "author": "Prins Singh",
    "price": "4.5k",
    "prevPrice": "8.5k",
    "btnText": "Add to Cart"
  },
  {
    "id": 7,
    "slug": "java-script-programming-language",
    "title": "Java Script Programming Language",
    "image": "/img/course/course-1-5.jpg",
    "detailsImg": "/img/event/details-1.jpg",
    "category": "Programming",
    "ratingCount": "4.9",
    "lessonCount": "75+",
    "studentCount":"50",
    "duration": "19h 50m",
    "classTime": "07:00am - 09:00pm",
    "totalLecture": "80+",
    "skillLevel": "Beginner",
    "classDay": "Monday - Friday",
    "language": "English/Hindi",
    "author": "Prins Singh",
    "price": "4.5k",
    "prevPrice": "8.5k",
    "btnText": "Add to Cart"
  },
  {
    "id": 8,
    "slug": "course-eight",
    "title": "Beginner Adobe Illustrator For Graphic Design",
    "image": "/img/course/course-1-4.jpg",
    "detailsImg": "/img/event/details-1.jpg",
    "category": "Development",
    "ratingCount": "4.6",
    "lessonCount": "12",
    "studentCount":"25",
    "duration": "17h 30m",
    "classTime": "10:00am - 12:00pm",
    "totalLecture": "20",
    "skillLevel": "Beginner",
    "classDay": "Monday - Friday",
    "language": "English/Hindi",
    "author": "David",
    "price": "70",
    "prevPrice": "130",
    "btnText": "Add to Cart"
  },
  {
    "id": 9,
    "slug": "course-nine",
    "title": "It Statistics Data Science And Business Analysis",
    "image": "/img/course/course-1-5.jpg",
    "detailsImg": "/img/event/details-1.jpg",
    "category": "Development",
    "ratingCount": "4.8",
    "lessonCount": "16",
    "studentCount":"30",
    "duration": "19h 30m",
    "classTime": "10:00am - 12:00pm",
    "totalLecture": "20",
    "skillLevel": "Beginner",
    "classDay": "Monday - Friday",
    "language": "English/Hindi",
    "author": "Angela",
    "price": "80",
    "prevPrice": "160",
    "btnText": "Add to Cart"
  },
  {
    "id": 10,
    "slug": "course-ten",
    "title": "Beginner Adobe Illustrator For Graphic Design",
    "image": "/img/course/course-1-2.jpg",
    "detailsImg": "/img/event/details-1.jpg",
    "category": "Development",
    "ratingCount": "4.4",
    "lessonCount": "14",
    "studentCount":"32",
    "duration": "19h 30m",
    "classTime": "10:00am - 12:00pm",
    "totalLecture": "20",
    "skillLevel": "Beginner",
    "classDay": "Monday - Friday",
    "language": "English/Hindi",
    "author": "Angela",
    "price": "62",
    "prevPrice": "128",
    "btnText": "Add to Cart"
  },
  {
    "id": 11,
    "slug": "course-eleven",
    "title": "It Statistics Data Science And Business Analysis",
    "image": "/img/course/course-1-3.jpg",
    "detailsImg": "/img/event/details-1.jpg",
    "category": "Development",
    "ratingCount": "4.9",
    "lessonCount": "12",
    "studentCount":"18",
    "duration": "16h 30m",
    "classTime": "10:00am - 12:00pm",
    "totalLecture": "20",
    "skillLevel": "Beginner",
    "classDay": "Monday - Friday",
    "language": "English/Hindi",
    "author": "Angela",
    "price": "50",
    "prevPrice": "100",
    "btnText": "Add to Cart"
  },
  {
    "id": 12,
    "slug": "course-twelve",
    "title": "Beginner Adobe Illustrator For Graphic Design",
    "image": "/img/course/course-1-1.jpg",
    "detailsImg": "/img/event/details-1.jpg",
    "category": "Development",
    "ratingCount": "4.5",
    "lessonCount": "12",
    "studentCount":"24",
    "duration": "23h 30m",
    "classTime": "10:00am - 12:00pm",
    "totalLecture": "20",
    "skillLevel": "Beginner",
    "classDay": "Monday - Friday",
    "language": "English/Hindi",
    "author": "Angela",
    "price": "80",
    "prevPrice": "110",
    "btnText": "Add to Cart"
  }
]
