[
  {
    "id": 1,
    "slug": "event-one",
    "title": "Print, and publishing industries for previewing",
    "description": "Lorem ipsum dolor sit amet, consectetur elit, sed doeiusmod tempor",
    "image": "/img/event/event-1-1.jpg",
    "detailsImg": "/img/event/details-1.jpg",
    "eventTime": "4:00 Pm 6:00 Pm",
    "eventDate": "22",
    "eventMonth": "March",
    "location": "USA",
    "venue": "3783 Columbia Mine Road Shinnston, WV 26431",
    "skillLevel": "Beginner",
    "email": "infomail@gmail.com",
    "phone": "+9870123456789",
    "lessonCount": "10"
  },
  {
    "id": 2,
    "slug": "event-two",
    "title": "These are Designed to Provide Hands Training and Skill-Building",
    "description": "Lorem ipsum dolor sit amet, consectetur elit, sed doeiusmod tempor",
    "image": "/img/event/event-1-2.jpg",
    "detailsImg": "/img/event/details-1.jpg",
    "eventTime": "4:00 Pm 6:00 Pm",
    "eventDate": "22",
    "eventMonth": "March",
    "location": "USA",
    "venue": "3783 Columbia Mine Road Shinnston, WV 26431",
    "skillLevel": "Beginner",
    "email": "infomail@gmail.com",
    "phone": "+9870123456789",
    "lessonCount": "10"
  },
  {
    "id": 3,
    "slug": "event-three",
    "title": "It Statistics Data Science And Business Analysis",
    "description": "Lorem ipsum dolor sit amet, consectetur elit, sed doeiusmod tempor",
    "image": "/img/event/event-1-3.jpg",
    "detailsImg": "/img/event/details-1.jpg",
    "eventTime": "4:00 Pm 6:00 Pm",
    "eventDate": "22",
    "eventMonth": "March",
    "location": "USA",
    "venue": "3783 Columbia Mine Road Shinnston, WV 26431",
    "skillLevel": "Beginner",
    "email": "infomail@gmail.com",
    "phone": "+9870123456789",
    "lessonCount": "10"
  },
  {
    "id": 4,
    "slug": "event-four",
    "title": "Beginner Adobe Illustrator For Graphic Design",
    "description": "Lorem ipsum dolor sit amet, consectetur elit, sed doeiusmod tempor",
    "image": "/img/event/event-1-2.jpg",
    "detailsImg": "/img/event/details-1.jpg",
    "eventTime": "4:00 Pm 6:00 Pm",
    "eventDate": "22",
    "eventMonth": "March",
    "location": "USA",
    "venue": "3783 Columbia Mine Road Shinnston, WV 26431",
    "skillLevel": "Beginner",
    "email": "infomail@gmail.com",
    "phone": "+9870123456789",
    "lessonCount": "10"
  },
  {
    "id": 5,
    "slug": "event-five",
    "title": "It Statistics Data Science And Business Analysis",
    "description": "Lorem ipsum dolor sit amet, consectetur elit, sed doeiusmod tempor",
    "image": "/img/event/event-1-3.jpg",
    "detailsImg": "/img/event/details-1.jpg",
    "eventTime": "4:00 Pm 6:00 Pm",
    "eventDate": "22",
    "eventMonth": "March",
    "location": "USA",
    "venue": "3783 Columbia Mine Road Shinnston, WV 26431",
    "skillLevel": "Beginner",
    "email": "infomail@gmail.com",
    "phone": "+9870123456789",
    "lessonCount": "10"
  },
  {
    "id": 6,
    "slug": "event-six",
    "title": "Beginner Adobe Illustrator For Graphic Design",
    "description": "Lorem ipsum dolor sit amet, consectetur elit, sed doeiusmod tempor",
    "image": "/img/event/event-1-1.jpg",
    "detailsImg": "/img/event/details-1.jpg",
    "eventTime": "4:00 Pm 6:00 Pm",
    "eventDate": "22",
    "eventMonth": "March",
    "location": "USA",
    "venue": "3783 Columbia Mine Road Shinnston, WV 26431",
    "skillLevel": "Beginner",
    "email": "infomail@gmail.com",
    "phone": "+9870123456789",
    "lessonCount": "10"
  },
  {
    "id": 7,
    "slug": "event-seven",
    "title": "It Statistics Data Science And Business Analysis",
    "description": "Lorem ipsum dolor sit amet, consectetur elit, sed doeiusmod tempor",
    "image": "/img/event/event-1-2.jpg",
    "detailsImg": "/img/event/details-1.jpg",
    "eventTime": "4:00 Pm 6:00 Pm",
    "eventDate": "22",
    "eventMonth": "March",
    "location": "USA",
    "venue": "3783 Columbia Mine Road Shinnston, WV 26431",
    "skillLevel": "Beginner",
    "email": "infomail@gmail.com",
    "phone": "+9870123456789",
    "lessonCount": "10"
  },
  {
    "id": 8,
    "slug": "event-eight",
    "title": "Beginner Adobe Illustrator For Graphic Design",
    "description": "Lorem ipsum dolor sit amet, consectetur elit, sed doeiusmod tempor",
    "image": "/img/event/event-1-3.jpg",
    "detailsImg": "/img/event/details-1.jpg",
    "eventTime": "4:00 Pm 6:00 Pm",
    "eventDate": "22",
    "eventMonth": "March",
    "location": "USA",
    "venue": "3783 Columbia Mine Road Shinnston, WV 26431",
    "skillLevel": "Beginner",
    "email": "infomail@gmail.com",
    "phone": "+9870123456789",
    "lessonCount": "10"
  },
  {
    "id": 9,
    "slug": "event-nine",
    "title": "It Statistics Data Science And Business Analysis",
    "description": "Lorem ipsum dolor sit amet, consectetur elit, sed doeiusmod tempor",
    "image": "/img/event/event-1-1.jpg",
    "detailsImg": "/img/event/details-1.jpg",
    "eventTime": "4:00 Pm 6:00 Pm",
    "eventDate": "22",
    "eventMonth": "March",
    "location": "USA",
    "venue": "3783 Columbia Mine Road Shinnston, WV 26431",
    "skillLevel": "Beginner",
    "email": "infomail@gmail.com",
    "phone": "+9870123456789",
    "lessonCount": "10"
  },
  {
    "id": 10,
    "slug": "event-ten",
    "title": "Beginner Adobe Illustrator For Graphic Design",
    "description": "Lorem ipsum dolor sit amet, consectetur elit, sed doeiusmod tempor",
    "image": "/img/event/event-1-2.jpg",
    "detailsImg": "/img/event/details-1.jpg",
    "eventTime": "4:00 Pm 6:00 Pm",
    "eventDate": "22",
    "eventMonth": "March",
    "location": "USA",
    "venue": "3783 Columbia Mine Road Shinnston, WV 26431",
    "skillLevel": "Beginner",
    "email": "infomail@gmail.com",
    "phone": "+9870123456789",
    "lessonCount": "10"
  },
  {
    "id": 11,
    "slug": "event-eleven",
    "title": "It Statistics Data Science And Business Analysis",
    "description": "Lorem ipsum dolor sit amet, consectetur elit, sed doeiusmod tempor",
    "image": "/img/event/event-1-1.jpg",
    "detailsImg": "/img/event/details-1.jpg",
    "eventTime": "4:00 Pm 6:00 Pm",
    "eventDate": "22",
    "eventMonth": "March",
    "location": "USA",
    "venue": "3783 Columbia Mine Road Shinnston, WV 26431",
    "skillLevel": "Beginner",
    "email": "infomail@gmail.com",
    "phone": "+9870123456789",
    "lessonCount": "10"
  },
  {
    "id": 12,
    "slug": "event-twelve",
    "title": "Beginner Adobe Illustrator For Graphic Design",
    "description": "Lorem ipsum dolor sit amet, consectetur elit, sed doeiusmod tempor",
    "image": "/img/event/event-1-3.jpg",
    "detailsImg": "/img/event/details-1.jpg",
    "eventTime": "4:00 Pm 6:00 Pm",
    "eventDate": "22",
    "eventMonth": "March",
    "location": "USA",
    "venue": "3783 Columbia Mine Road Shinnston, WV 26431",
    "skillLevel": "Beginner",
    "email": "infomail@gmail.com",
    "phone": "+9870123456789",
    "lessonCount": "10"
  }
]
