[
  {
    "id": 1,
    "slug": "web-development",
    "title": "Web Development",
    "icon": "flaticon-web-design",
    "courseCount": "8",
    "description": "In pellentesque massa vida placerat duis. Cursus sit amet dictum sit amet.",
    "btnText": "Learn More"
  },
  {
    "id": 2,
    "slug": "artificial-intelligence",
    "title": "Artificial intelligence (AI)",
    "icon": "flaticon-ux-design",
    "courseCount": "2",
    "description": "Artificial intelligence (AI) is the ability of machines to perform tasks that typically require human intelligence.",
    "btnText": "Learn More"
  },
  {
    "id": 3,
    "slug": "machine-learning",
    "title": "Machine learning (ML)",
    "icon": "flaticon-coding",
    "courseCount": "3",
    "description": " a type of artificial intelligence (AI) that teaches machines to learn and perform tasks.",
    "btnText": "Learn More"
  },
  {
    "id": 4,
    "slug": "android-application",
    "title": "Android App Development",
    "icon": "flaticon-mobile-development",
    "courseCount": "3",
    "description": "In pellentesque massa vida placerat duis. Cursus sit amet dictum sit amet.",
    "btnText": "Learn More"
  },
  {
    "id": 5,
    "slug": "ios-app-dev",
    "title": "iOS App Development",
    "icon": "flaticon-mobile-development",
    "courseCount": "3",
    "description": "In pellentesque massa vida placerat duis. Cursus sit amet dictum sit amet.",
    "btnText": "Learn More"
  },
  {
    "id": 6,
    "slug": "games-dev",
    "title": "Games Development",
    "icon": "flaticon-art",
    "courseCount": "4",
    "description": "In pellentesque massa vida placerat duis. Cursus sit amet dictum sit amet.",
    "btnText": "Learn More"
  },
  {
    "id": 7,
    "slug": "programming-languages",
    "title": "Programming Languages",
    "icon": "flaticon-mobile-development",
    "courseCount": "10",
    "description": "In pellentesque massa vida placerat duis. Cursus sit amet dictum sit amet.",
    "btnText": "Learn More"
  },
  {
    "id": 8,
    "slug": "data-science",
    "title": "Data Science",
    "icon": "flaticon-bars",
    "courseCount": "8",
    "description": "In pellentesque massa vida placerat duis. Cursus sit amet dictum sit amet.",
    "btnText": "Learn More"
  },
  {
    "id": 9,
    "slug": "service-nine",
    "title": "ACTIVE LEARNING",
    "icon": "flaticon-study",
    "courseCount": "22",
    "description": "Lorem ipsum dolor amet, consectetur adipiscing elit, sed eiusmod tempor incididunt ut labore et dolore",
    "btnText": "Learn More"
  },
  {
    "id": 10,
    "slug": "service-ten",
    "title": "EXPERT TEACHERS",
    "icon": "flaticon-coach",
    "courseCount": "23",
    "description": "Lorem ipsum dolor amet, consectetur adipiscing elit, sed eiusmod tempor incididunt ut labore et dolore",
    "btnText": "Learn More"
  },
  {
    "id": 11,
    "slug": "service-eleven",
    "title": "STRATEGI LOCATION",
    "icon": "flaticon-study",
    "courseCount": "25",
    "description": "Lorem ipsum dolor amet, consectetur adipiscing elit, sed eiusmod tempor incididunt ut labore et dolore",
    "btnText": "Learn More"
  }
]
