[
  {
    "id": 1,
    "slug": "teacher-one",
    "name": "Prins Singh",
    "designation": "Teacher",
    "bio": "Tempor orci dapibus ultrices in iaculis nunc sed augue. Feugiat in ante metus dictum at tempor commodo. Venenatis lectus magna fringilla urna porttitor rhoncus dolor.",
    "image": "/img/team/team-3-1.jpg",
    "email": "prinssingh7448@gmail.com",
    "phone": "+91 9981282308",
    "address": "Uttali Satna MP",
    "linkedIn":""
  },
  {
    "id": 2,
    "slug": "teacher-two",
    "name": "Shubham Singh",
    "designation": "Teacher",
    "bio": "Tempor orci dapibus ultrices in iaculis nunc sed augue. Feugiat in ante metus dictum at tempor commodo. Venenatis lectus magna fringilla urna porttitor rhoncus dolor.",
    "image": "/img/team/team-3-2.jpg",
    "email": "shubhamsatnagmail.com",
    "phone": "+91 9074644022",
    "address": "Uttali Satna MP",
    "linkedIn":""
  },
  {
    "id": 3,
    "slug": "teacher-three",
    "name": "MD Afroz Khan ",
    "designation": "Marketing Expert",
    "bio": "Tempor orci dapibus ultrices in iaculis nunc sed augue. Feugiat in ante metus dictum at tempor commodo. Venenatis lectus magna fringilla urna porttitor rhoncus dolor.",
    "image": "/img/team/team-3-3.jpg",
    "email": "jamie.keller@gmail.com",
    "phone": "+9870123456789",
    "address": "Bhopal, Wisconsin(WI), 54016",
    "linkedIn":""
  },
  {
    "id": 4,
    "slug": "teacher-four",
    "name": "Jesus Pendley",
    "designation": "Teacher",
    "bio": "Tempor orci dapibus ultrices in iaculis nunc sed augue. Feugiat in ante metus dictum at tempor commodo. Venenatis lectus magna fringilla urna porttitor rhoncus dolor.",
    "image": "/img/team/team-3-4.jpg",
    "email": "jesus.pendley1@gmail.com",
    "phone": "+9870123456789",
    "address": "Hudson, Wisconsin(WI), 54016",
    "linkedIn":""
  }
  
]